1036,416,953,386,1088,341,908,468,1208,356
1051,393,968,356,1111,311,915,438,1231,341
1073,378,983,333,1133,303,915,423,1238,341
1141,326,1058,281,975,378
1156,281,1073,243,983,348
1148,153,1066,273
1141,161,1066,281
1133,153,1051,258
1201,176,1126,138,1043,258
1201,161,1118,138,1043,251
1201,168,1126,138,1051,258
1126,138,1043,251
1193,176,1118,146,1036,258
1216,176,1133,138,1036,251
1231,168,1156,138,1058,251
1171,131,1081,243



945,401,900,371,998,333,1133,341
773,408,720,386,825,341,953,348
593,401,548,371,645,333,780,333
442,333,390,311,487,273,653,296
578,243
337,146,262,108,360,71,525,123
345,33,518,311,352,393,307,3,397,3,540,56
578,3
570,206,698,146,608,3
585,183,435,221,728,146,893,408
585,183,442,191,337,438,728,168,885,416,1051,611
593,198,450,183,337,423,210,603,728,206,855,423,675,3
600,3,585,213,457,198,337,416,217,588,713,236,825,446,960,588,638,3,540,3,683,41
608,63,585,243,465,228,345,423,217,603,705,266,818,476,930,603,585,41,645,41,548,71,683,86
615,101,593,273,472,258,360,446,247,596,705,296,788,483,900,618,600,78,645,86,555,108,683,123
623,138,593,303,480,281,375,453,270,588,705,318,773,491,878,626,600,116,645,123,563,146,683,153
615,161,593,311,480,296,390,461,285,581,690,326,758,491,855,648,465,641,600,138,645,146,563,161,668,176
608,176,585,326,480,303,405,461,307,581,683,333,750,498,818,648,465,641,593,161,638,168,555,183,653,198
608,198,578,333,480,318,405,476,322,588,675,348,728,513,788,663,472,641,615,656,585,183,630,191,555,191,653,213
615,251,563,356,472,341,397,491,315,611,653,363,705,536,750,678,457,648,593,663,600,221,638,228,555,221
630,288,555,363,472,348,390,491,315,626,645,378,675,543,705,678,457,648,585,663,615,258,645,266,563,243
623,296,548,363,465,348,382,506,315,641,638,386,660,543,683,678,457,656,615,273,638,281,563,251
608,296,533,371,450,363,382,521,330,656,623,378,653,536,465,648,593,273,623,281,540,251
578,281,533,378,450,378,390,521,337,663,623,378,668,528,675,663,480,656,600,656,570,258,600,266,525,251
570,281,540,378,450,378,397,536,345,671,623,378,668,521,705,641,480,656,615,656,555,258,585,266,518,258
555,281,540,378,457,386,412,543,367,678,623,378,675,513,728,641,495,648,623,656,548,258,578,266,510,266,593,281
563,273,548,386,465,386,420,536,375,678,630,378,683,513,750,626,518,663,645,656,548,251,585,258,518,266,600,281
578,273,563,386,472,386,427,543,397,678,638,378,698,528,758,626,533,656,653,656,563,258,593,258,533,266,615,281
600,273,578,386,495,386,450,528,405,678,660,378,713,528,780,626,555,648,683,648,585,258,615,258,548,266,630,281
623,281,600,386,518,386,472,543,427,678,683,386,735,536,803,641,578,648,698,648,608,258,645,266,578,273,660,281
660,288,638,393,563,393,502,551,713,393,765,543,825,656,615,656,735,656,645,266,683,273,608,273,698,288
705,303,690,408,615,408,555,558,510,686,765,408,810,551,870,671,660,663,773,656,690,281,728,288,660,288,750,303
765,303,750,416,683,408,623,566,578,686,825,416,863,566,908,678,818,663,750,288,780,288,720,296,803,303
818,303,810,416,728,401,683,543,638,663,885,416,923,566,975,678,743,656,855,656,803,281,840,288,773,296,863,303
840,296,833,408,750,401,698,536,645,656,908,416,960,558,1013,671,765,656,878,663,825,281,863,288,795,288,885,303
848,303,833,408,750,401,705,536,645,648,915,408,968,551,1036,671,765,648,885,663,825,281,863,288,803,288,893,296
848,303,833,408,758,401,698,543,645,648,923,408,975,551,1051,671,765,656,885,663,825,281,863,288,810,288,893,296
848,296,833,401,750,401,698,543,645,656,923,408,975,551,1043,671,773,656,885,663,825,281,863,281,803,288,893,296
848,296,840,408,758,393,705,543,660,648,923,408,975,551,1036,671,773,656,885,671,825,281,863,288,803,288,893,296
848,303,848,408,765,401,720,543,668,648,930,408,975,543,1028,671,780,656,900,678,833,288,870,288,810,296,893,303
855,303,863,408,780,408,728,536,683,641,945,416,983,551,1028,671,788,663,908,686,840,288,878,288,818,303,908,303
870,311,870,416,780,408,743,543,690,648,953,416,990,558,1036,671,795,656,915,663,855,288,893,296,833,303,915,311
870,318,870,416,788,416,750,543,698,641,960,423,1005,551,1043,671,795,663,915,663,855,296,893,303,833,311,923,311
870,318,870,423,795,416,750,551,705,648,960,423,1005,566,1051,678,795,678,915,686,848,303,885,303,833,318,923,318
863,326,870,423,788,423,750,551,705,663,953,423,1005,566,1051,678,795,671,915,678,848,311,885,311,825,318,908,326
855,326,870,423,788,416,750,558,705,671,945,423,998,566,1036,678,795,678,908,678,840,311,870,311,818,318,900,318
848,341,863,423,780,423,743,558,705,671,945,423,990,566,1028,678,788,663,900,678,825,318,855,318,893,326
848,348,855,423,773,423,735,558,705,671,930,431,975,566,1020,678,780,663,885,678,825,326,863,326,810,326,885,326
825,356,833,423,750,423,713,558,675,671,908,431,953,558,998,671,758,663,863,663,810,341,848,341,795,333,870,333
803,363,810,431,735,431,690,558,653,671,885,431,930,566,975,678,735,663,840,671,795,348,825,348,765,333,848,348
765,371,758,438,690,438,645,566,608,678,833,438,878,558,915,663,698,663,803,671,743,348,780,348,728,341,803,348
720,371,713,446,638,446,600,573,570,686,780,438,833,558,848,656,668,663,765,663,705,348,735,356,683,348,758,356
683,378,683,453,608,453,563,588,518,716,750,446,788,573,803,716,638,663,743,663,675,356,698,363,653,348,720,356
668,371,653,446,578,453,533,588,495,716,728,438,750,566,630,671,728,663,645,348,683,356,630,341,698,356
660,363,645,438,570,446,518,573,487,686,713,431,735,551,765,618,623,656,728,641,645,348,675,348,623,341,698,348
668,356,653,438,578,438,518,566,480,716,720,431,743,566,780,618,623,656,720,633,653,341,683,341,630,341,705,348
683,371,660,438,593,438,518,566,487,716,720,438,743,551,795,596,630,656,713,633,818,641,675,348,698,348,645,341,720,356
698,363,660,438,600,431,525,566,510,716,735,446,735,558,818,573,630,671,713,641,825,618,690,341,720,348,660,341,735,356
713,363,683,438,615,423,540,551,525,663,743,446,743,566,795,566,638,671,720,641,840,618,705,341,735,348,675,341,750,371
750,371,705,446,638,423,555,536,570,648,773,453,765,551,818,566,645,671,735,663,878,633,743,341,773,356,713,341,788,371
795,363,750,446,683,423,585,506,645,581,818,468,810,566,848,581,690,663,780,656,900,626,788,348,818,356,758,348,833,371
878,333,810,416,750,386,668,476,795,506,878,438,870,558,728,663,833,641,953,641,878,318,893,326,840,311
938,266,893,356,818,326,773,453,893,476,953,378,960,483,968,543,773,588,885,588,1005,641,930,236,968,258,893,243,983,281
975,191,930,296,855,273,810,408,930,483,1013,318,1020,468,1020,558,810,543,930,543,1043,626,968,168,1005,176,923,183,1028,198
990,131,953,236,870,221,810,371,908,468,1043,251,1051,393,1066,498,840,468,818,656,968,476,1058,656,975,101,1020,108,938,116,1043,138
990,71,960,191,870,183,810,326,855,438,1058,206,1081,348,1111,468,870,453,990,453,1036,663,975,48,1013,48,938,63,1051,71
998,3,968,161,878,153,810,303,825,408,1073,168,1111,318,1148,416,885,416,863,603,1005,431,1020,633,975,3,1013,3,938,3,1051,33
990,3,975,146,878,138,810,281,803,378,1073,146,1133,296,1186,401,893,416,885,611,1028,438,1036,656,975,3,1013,3,938,3,1043,3
990,3,983,131,885,131,803,281,795,378,1073,131,1141,281,1216,378,900,416,893,618,1036,431,1043,648,930,3,1043,3
975,131,878,131,810,281,795,393,1073,131,1148,266,1223,371,908,423,915,663,1043,446,1036,671,923,3,1036,3
968,3,960,131,870,138,810,281,788,408,1066,123,1148,273,1231,371,908,423,923,648,1043,438,1051,663,915,3,1020,3
960,3,953,131,863,138,810,288,780,416,1051,123,1141,273,1238,371,908,423,923,648,1043,431,1058,656,900,3,1005,3
953,3,953,138,855,146,803,303,765,423,1051,131,1133,281,1246,371,900,423,915,641,1043,431,1126,588,930,3,975,3,900,3,1005,3
953,3,953,146,855,153,803,303,758,423,1051,138,1141,288,1253,378,908,431,923,641,1051,431,1141,596,930,3,975,3,908,3,1005,3
960,3,960,153,863,161,810,311,758,423,1066,146,1141,288,1279,386,915,446,930,648,1058,438,1141,633,945,3,983,3,908,3,1013,3
975,3,975,153,878,168,818,326,758,431,1073,146,1171,296,1279,386,938,453,945,678,1073,446,1148,671,953,3,998,3,930,3,1028,3
1005,3,1013,161,908,168,848,333,780,438,1111,146,1201,296,960,461,1103,453,1193,656,983,3,1028,3,953,3,1058,3
1036,3,1036,153,938,168,878,326,810,438,1133,138,1231,288,990,453,975,678,1133,453,1020,3,1058,3,983,3,1088,3
1066,3,1073,153,975,168,915,326,848,446,1178,138,1246,273,1020,461,998,671,1171,461,1051,3,1088,3,1020,3,1126,3
1096,3,1096,161,990,168,938,333,870,446,1201,138,1279,311,1043,461,998,663,1193,461,1073,3,1111,3,1036,3,1148,3
1111,3,1118,168,1005,183,953,341,885,453,1231,153,1058,461,1013,633,1208,461,1058,33,1163,3
1111,3,1118,168,1005,183,953,341,885,453,1231,153,1058,461,1013,633,1208,461,1058,33,1163,3,1111,33,1005,183,1231,153,1088,3,1133,3,1058,33,1163,3
1126,41,1126,176,1020,191,968,356,900,468,1238,161,1066,461,1051,648,1208,461,1246,648,1103,3,1148,3,1066,48,1178,41
1133,63,1126,183,1020,198,960,363,900,468,1238,176,1066,468,1066,671,1216,468,1231,678,1111,41,1156,41,1073,63,1186,56
1133,86,1126,206,1013,213,953,371,893,483,1238,191,1058,468,1066,671,1208,468,1231,671,1111,56,1148,63,1066,86,1193,71
1126,93,1118,213,1005,221,945,378,885,491,1238,206,1058,483,1058,678,1193,476,1231,678,1103,71,1148,71,1066,93,1186,93
1111,108,1103,221,998,228,938,386,870,498,1216,213,1043,476,1058,671,1186,476,1088,78,1133,78,1051,108,1171,101
1103,116,1103,228,990,236,930,393,855,506,1216,221,1043,476,1058,678,1186,476,1081,93,1126,93,1043,116,1163,108
1103,123,1103,228,998,243,930,393,855,513,1223,221,1051,491,1058,671,1193,483,1081,101,1126,101,1051,123,1163,116
1118,123,1118,228,1005,236,938,386,870,498,1238,213,1058,476,1066,663,1201,468,1246,663,1096,93,1141,101,1058,116,1178,101
1133,101,1133,213,1020,228,960,378,878,498,1246,198,1081,476,1081,671,1216,461,1246,648,1111,71,1156,78,1066,93,1193,93
1148,86,1148,206,1036,221,975,371,893,491,1253,191,1088,476,1231,468,1126,63,1171,71,1088,93,1208,86
1156,78,1156,198,1043,221,975,378,900,491,1253,191,1096,468,1096,663,1238,468,1133,56,1178,56,1096,86,1216,78
1178,63,1171,191,1066,206,998,363,915,483,1118,476,1096,671,1148,48,1201,48,1118,78,1231,63
1193,63,1081,198,1005,363,930,483,1118,468,1103,671,1171,41,1216,41,1133,63,1246,56
1201,48,1088,198,1178,33,1223,33,1141,56,1279,56
1201,48,1096,198,1178,33,1223,3,1141,63,1279,48
1208,48,1096,191,1028,363,945,476,1186,33,1231,33,1148,63,1279,48
1208,48,1096,198,1186,33,1231,3,1148,63,1279,41
1208,48,1088,198,1028,363,945,468,1126,461,1178,33,1231,26,1148,63,1279,48
1186,48,1088,191,1013,363,938,468,1118,453,1066,656,1171,33,1216,33,1133,56,1253,48
1178,56,1066,191,998,363,915,468,1111,461,1058,641,1156,41,1201,41,1118,63,1238,56
1148,63,1148,191,1036,206,983,363,900,483,1279,176,1088,468,1043,663,1231,468,1118,48,1163,41,1088,71,1201,56
1111,63,1118,191,1005,206,953,371,878,483,1231,176,1058,476,1028,678,1208,468,1088,41,1126,41,1058,71,1163,56
1066,63,1073,191,968,213,923,371,848,491,1178,168,1020,483,990,678,1178,483,1043,48,1088,41,1013,71,1118,56
1020,63,1036,191,938,206,893,363,825,476,1141,168,1231,311,998,483,968,678,1141,476,1216,678,998,41,1043,41,975,71,1081,56
983,56,990,191,893,206,848,363,773,476,1096,168,1193,318,1279,393,953,468,953,663,1103,461,1201,663,960,41,1005,41,930,71,1036,56
960,48,968,176,870,198,818,363,735,468,1073,168,1156,311,1279,408,930,461,945,656,1073,446,1163,603,938,41,983,33,908,63,1013,48
953,48,960,176,863,191,795,356,728,461,1066,168,1156,326,1279,423,923,453,938,648,1058,438,1133,603,930,33,975,3,900,56,1005,41
960,41,960,176,863,183,803,341,720,453,1066,161,1141,311,1253,401,915,461,938,671,1058,453,1088,648,938,3,975,3,900,48,1013,41
960,41,960,176,863,183,803,348,720,461,1066,161,1163,318,1279,416,915,468,938,663,1051,461,1066,671,938,3,983,3,908,48,1013,41
968,41,968,176,863,183,810,341,728,453,1073,161,1163,318,1279,408,923,453,938,648,1058,461,1073,663,945,3,983,3,915,48,1020,41
968,48,975,176,870,183,810,348,735,461,1073,161,1163,311,1279,401,923,453,938,656,1058,461,1073,663,945,33,990,26,915,48,1020,41
968,41,975,168,878,176,818,333,750,453,1081,161,1163,303,1279,408,930,453,930,656,1066,461,1073,671,945,3,983,3,915,41,1020,33
968,3,975,168,870,176,818,341,765,446,1073,153,1163,311,1279,423,923,438,930,633,1058,453,1066,656,915,41,1020,3
968,3,975,168,870,176,818,341,765,446,1073,153,1163,311,1279,423,923,438,930,633,1058,453,1066,656,915,41,1020,3,968,33,870,176,945,3,983,3,915,41,1020,33
968,33,968,168,870,176,818,333,765,446,1073,153,1163,318,1279,416,923,453,923,656,1058,461,1066,671,945,3,983,3,915,33,1020,33
968,3,968,168,870,176,818,333,765,446,1073,153,1156,303,1253,416,915,446,915,656,1058,461,1066,671,915,41,1020,33
968,3,968,168,870,176,818,333,765,446,1073,153,1156,303,1253,416,915,446,915,656,1058,461,1066,671,915,41,1020,33,960,33,870,176,1073,153,938,3,983,3,915,41,1020,33
968,41,968,176,870,183,818,341,758,453,1073,168,1156,326,1261,431,915,453,915,648,1051,461,1066,663,953,3,998,3,915,48,1020,41
975,63,968,191,870,198,810,356,743,468,1073,183,1163,348,1279,446,908,461,908,648,1043,461,1073,663,953,48,998,48,915,63,1020,63
968,86,968,206,870,213,803,378,728,491,1073,198,1163,356,1279,461,908,453,915,641,1036,461,1073,663,945,71,990,71,915,86,1020,86
968,101,968,213,863,221,795,386,720,506,1073,206,1156,363,1279,476,908,461,915,641,1036,461,1073,663,953,78,990,78,915,93,1028,86
968,101,968,213,870,221,795,393,720,506,1073,213,1148,356,1261,468,908,461,915,648,1036,461,1073,663,945,78,990,78,908,108,1028,93
968,108,960,221,870,228,795,393,720,506,1073,213,1156,363,1279,476,908,461,915,633,1036,468,1073,671,945,86,990,86,908,108,1020,101
968,116,960,221,863,228,795,393,720,513,1073,213,1156,363,1279,483,908,453,915,633,1036,461,1073,663,938,93,983,93,908,116,1020,108
968,108,960,228,863,236,803,393,720,513,1073,213,1156,371,1279,483,908,461,915,618,1036,468,1073,663,938,93,983,86,908,123,1020,108
968,116,968,221,870,228,803,393,728,506,1073,213,1156,363,1253,468,915,461,915,626,1036,461,1073,656,938,101,983,101,908,116,1020,116
968,116,968,221,870,228,803,386,728,506,1073,213,1156,363,1253,468,915,461,915,641,1043,461,1066,656,945,93,983,93,908,116,1020,108
968,108,960,221,863,228,810,386,735,498,1073,213,1156,363,1279,468,915,453,923,618,1043,453,1073,663,945,86,990,86,908,108,1020,101
968,101,968,213,870,228,818,386,750,491,1073,206,1148,356,1246,453,915,453,915,626,1043,461,1073,663,945,78,990,78,915,108,1020,93
968,101,968,213,870,221,825,378,765,476,1073,206,1141,356,1253,461,915,453,915,641,1043,461,1073,656,945,78,990,78,915,101,1028,93
968,93,968,206,870,221,833,371,788,476,1073,206,1141,356,1253,468,915,461,915,641,1043,468,1066,671,945,78,990,78,915,101,1020,93
975,93,975,206,870,213,848,363,810,476,1073,206,1141,356,1246,468,908,461,915,648,1043,468,1073,671,953,71,998,78,915,101,1028,93
975,101,975,206,870,213,863,371,848,483,1073,198,1126,356,1201,446,915,461,915,663,1043,461,1073,663,953,78,998,78,923,101,1028,86
975,101,975,206,870,213,863,371,863,491,1073,198,1126,356,1201,461,930,461,915,656,1043,468,1066,663,960,78,998,78,923,93,1036,86
983,101,975,206,878,213,870,371,870,483,1073,198,1118,348,1193,453,923,453,915,641,1043,461,1066,663,960,78,1005,78,923,93,1036,93
983,101,975,206,878,213,870,371,878,513,1073,198,1118,356,1193,461,923,461,915,648,1043,468,1066,663,960,78,1005,78,930,101,1036,86
983,101,975,206,878,213,870,371,878,521,1073,198,1118,356,1193,461,923,461,915,648,1043,468,1073,663,960,78,1005,78,930,101,1036,93
983,101,975,206,878,213,863,378,870,528,1081,198,1126,363,1208,468,923,468,915,656,1043,468,1066,663,960,78,1005,78,930,101,1036,93
983,93,975,206,878,213,848,363,840,483,1081,198,1141,356,1238,476,915,461,915,648,1043,461,1066,648,960,71,1005,71,930,101,1036,86
983,101,983,206,878,213,848,371,825,483,1081,198,1141,356,1238,468,915,453,915,656,1043,461,1066,656,960,78,1005,78,930,101,1036,93
983,101,975,206,878,213,848,371,818,491,1081,198,1148,356,1238,476,915,461,915,648,1043,461,1066,656,968,78,1005,78,930,101,1036,93
990,101,983,206,878,213,848,378,825,498,1081,198,1148,356,1238,476,915,461,915,663,1043,468,1066,656,968,78,1005,78,930,93,1036,93
983,93,983,206,878,213,855,371,840,498,1088,198,1156,363,1238,491,915,461,915,671,1043,468,1073,663,968,71,1005,78,930,93,1043,93
990,93,983,206,878,213,863,378,848,506,1088,198,1156,356,1231,498,923,476,915,686,1051,476,1066,671,968,71,1013,71,938,93,1043,93
990,93,983,206,878,213,863,386,863,513,1088,198,1148,363,1216,513,923,461,915,656,1051,468,1066,671,968,71,1013,71,938,93,1043,93
998,93,983,206,878,213,870,378,855,521,1088,198,1148,363,1201,536,923,468,915,678,1051,476,1073,686,975,71,1020,71,938,93,1043,93
998,86,983,206,885,213,863,378,855,521,1088,198,1148,363,1201,528,923,461,915,663,1051,468,1073,671,975,71,1020,71,938,93,1051,93
998,93,990,206,885,213,863,378,848,521,1088,206,1156,371,1216,543,923,468,915,686,1058,476,1081,686,975,71,1020,71,945,86,1051,86
998,86,990,206,885,213,863,378,848,506,1096,206,1156,356,1231,498,923,461,915,678,1051,468,1073,678,975,71,1020,71,945,93,1051,86
998,86,990,206,885,213,863,378,848,506,1096,206,1156,356,1231,498,923,461,915,678,1051,468,1073,678,975,71,1020,71,945,93,1051,86
998,93,990,206,885,213,863,371,840,491,1096,206,1163,356,1246,483,923,461,915,656,1051,461,1073,656,975,71,1020,78,945,93,1051,93
1005,93,990,206,885,213,863,356,840,468,1096,198,1163,341,1279,446,923,461,915,663,1051,468,1073,656,983,71,1028,71,945,93,1058,93
998,86,990,206,885,213,863,341,848,423,1096,198,1171,341,1279,408,923,453,915,656,1051,461,1081,671,975,71,1020,71,945,93,1058,93
1005,86,990,206,885,213,870,348,855,378,1096,198,1156,356,1246,348,930,453,915,648,1051,461,1073,656,983,71,1028,71,945,93,1058,93
1005,86,990,198,885,206,855,363,870,363,1096,198,1141,356,1223,318,923,446,915,648,1051,461,1073,656,983,71,1028,71,945,93,1058,93
1005,86,990,206,885,206,863,371,1096,198,1133,356,1208,326,923,446,923,648,1058,461,1081,663,983,63,1028,71,945,93,1058,93
1005,93,990,206,885,213,863,363,893,393,1096,198,1141,348,1216,356,930,446,923,648,1058,453,1073,656,983,71,1028,71,945,93,1058,93
1005,86,990,206,885,213,863,348,870,393,1096,206,1163,371,1253,431,930,453,923,648,1058,468,1081,671,983,71,1028,71,945,93,1058,86
1005,86,990,206,885,213,870,356,870,453,1096,206,1148,356,1231,468,938,453,923,648,1058,468,1073,663,983,71,1028,71,945,93,1058,93
1005,93,990,213,885,213,870,371,878,476,1096,206,1148,378,1223,521,938,453,923,641,1058,468,1073,663,983,71,1028,71,945,93,1058,86
1005,93,990,213,893,213,870,371,878,491,1096,206,1141,371,1223,528,930,446,930,641,1058,468,1081,678,990,71,1036,71,953,93,1066,86
1013,93,998,206,893,213,870,371,870,483,1096,206,1148,378,1216,521,930,453,923,641,1058,468,1073,671,998,71,1036,71,960,86,1066,86
1013,93,990,206,885,213,870,371,863,491,1096,206,1148,378,1223,521,930,453,923,648,1058,468,1073,663,990,71,1036,71,953,86,1066,86
1005,86,990,206,885,213,863,371,848,483,1096,206,1156,363,1246,483,923,461,915,656,1058,468,1073,663,990,71,1028,71,953,86,1066,86
1005,86,990,206,885,213,855,371,833,483,1096,206,1163,363,1253,468,915,453,915,656,1058,461,1081,663,983,71,1028,71,945,86,1058,93
998,86,990,206,885,213,840,363,795,476,1096,198,1186,341,1279,431,923,453,923,648,1058,461,1073,663,975,71,1020,71,945,93,1051,93
998,93,990,206,878,213,833,363,780,468,1096,198,1193,333,923,453,923,641,1058,461,1073,656,975,71,1020,71,938,93,1051,93
990,93,983,206,878,213,825,363,750,476,1088,198,1208,333,923,453,915,641,1058,461,1073,648,968,71,1013,71,938,93,1051,86
990,86,983,206,878,213,818,363,743,468,1088,198,1201,326,923,453,923,641,1058,461,1073,663,968,71,1013,71,938,93,1043,93
990,93,983,206,878,213,818,371,743,476,1088,198,1201,333,923,461,923,641,1058,461,1081,663,968,71,1013,71,938,93,1043,93
990,93,983,206,878,213,825,363,758,476,1088,198,1201,333,923,453,923,626,1058,461,1073,648,968,71,1013,71,938,93,1051,86
990,93,983,206,878,213,840,363,780,476,1088,198,1193,333,923,453,915,626,1058,461,1073,656,968,71,1013,71,938,93,1043,93
990,93,983,206,878,213,848,371,795,491,1088,198,1193,341,923,453,923,641,1051,461,1073,663,968,71,1013,71,938,93,1051,86
998,93,990,206,885,213,870,371,840,483,1088,198,1193,341,923,461,915,656,1058,461,1073,663,975,71,1020,71,938,86,1051,93
990,86,990,206,885,213,878,363,870,483,1096,198,1186,341,938,453,923,648,1058,461,1073,656,968,71,1013,71,938,93,1051,86
998,93,990,206,885,213,885,363,900,468,1096,198,1186,341,1279,423,938,461,923,641,1058,468,1073,656,975,71,1013,71,938,93,1051,86
998,93,990,206,885,213,885,363,923,468,1096,198,1201,348,1279,431,938,461,923,648,1058,468,1081,671,975,71,1020,71,938,93,1051,93
1005,93,998,206,893,213,885,363,930,461,1103,198,1201,348,938,461,923,641,1066,461,1088,663,975,71,1028,71,945,93,1058,93
1005,93,998,206,893,206,885,356,938,461,1103,198,1193,341,930,461,923,641,1066,468,1088,671,983,71,1028,71,953,93,1058,93
1013,101,1005,206,900,206,885,356,938,453,1111,198,1193,341,938,461,923,648,1066,468,1088,671,990,78,1036,78,960,93,1066,86
1013,93,1013,206,900,206,893,356,945,446,1118,198,1193,341,938,461,930,641,1073,468,1088,663,998,71,1036,71,960,93,1073,86
1020,93,1013,206,908,206,900,356,953,438,1118,198,1201,341,938,461,930,641,1073,461,1096,663,998,71,1036,71,968,86,1073,86
1028,86,1013,206,908,206,908,356,960,438,1118,198,1201,348,945,453,930,633,1073,461,1096,663,1005,71,1043,71,968,86,1081,86
1028,86,1020,198,915,206,908,356,968,438,1126,198,1201,341,945,446,938,648,1081,453,1096,663,1005,63,1051,71,968,86,1088,93
1036,86,1020,198,915,198,915,363,968,438,1133,198,1201,333,945,438,938,641,1073,446,1103,686,1013,63,1058,71,975,78,1088,93
1036,78,1020,198,923,198,915,356,960,438,1133,198,1223,341,953,438,938,641,1088,453,1103,678,1013,56,1058,63,975,78,1096,86
1036,78,1020,198,915,206,908,356,953,446,1133,198,1223,333,953,461,938,648,1088,468,1103,678,1020,56,1066,63,975,86,1096,86
1036,78,1020,198,923,206,908,348,945,453,1133,191,1231,318,960,468,938,641,1088,468,1103,678,1013,63,1058,63,975,78,1088,93
1028,78,1020,198,915,206,908,356,930,461,1133,191,1253,318,960,468,938,641,1088,476,1103,678,1005,56,1051,63,968,86,1081,86
1020,86,1020,206,915,206,900,356,908,461,1133,198,1246,311,960,453,938,641,1088,468,1096,678,998,63,1043,63,968,86,1081,86
1020,86,1020,198,908,213,893,356,893,461,1126,191,1231,303,953,461,938,641,1088,468,1096,671,998,63,1036,63,960,86,1073,78
1013,86,1020,206,908,213,885,356,885,461,1126,191,1231,303,953,461,938,648,1088,468,1096,671,990,71,1036,63,960,93,1073,86
1005,86,1013,198,908,213,878,356,863,453,1118,191,1246,303,938,461,930,648,1081,461,1096,671,983,71,1028,71,945,86,1058,86
998,93,1005,206,900,213,870,356,825,453,1111,191,1231,296,945,461,930,656,1081,461,1096,671,975,71,1020,71,945,86,1058,86
998,86,998,206,900,213,855,363,795,468,1103,191,1223,288,1279,303,938,453,930,648,1081,461,1096,671,968,71,1020,71,938,93,1051,86
990,86,998,206,893,213,848,363,780,468,1103,191,1223,288,938,453,930,641,1073,453,1096,663,968,71,1013,71,938,93,1051,78
990,93,998,206,893,213,848,363,780,468,1103,191,1223,288,938,453,930,626,1073,461,1088,663,960,71,1005,71,930,93,1043,78
983,93,990,198,893,213,848,363,788,468,1096,183,1216,288,1279,303,938,453,930,641,1073,461,1088,663,960,71,1005,71,930,93,1043,86
983,86,990,198,885,213,848,363,780,468,1096,183,1223,288,1279,303,938,446,930,641,1073,453,1088,656,960,71,1005,71,930,93,1043,78
983,86,990,198,885,213,848,363,788,468,1096,191,1223,288,1279,303,938,453,930,648,1073,461,1088,656,960,71,1005,71,930,93,1043,78
983,93,990,198,885,213,848,363,788,468,1096,191,1216,288,1279,311,938,461,930,648,1073,468,1088,671,960,71,1005,71,930,93,1043,86
983,93,990,198,885,213,848,363,795,468,1096,183,1216,288,1279,311,938,461,930,648,1073,461,1096,671,960,78,1005,71,930,93,1043,86
983,93,990,198,893,213,848,363,795,468,1096,183,1223,296,938,461,930,648,1073,461,1096,663,960,71,1005,71,930,93,1043,78
983,93,990,198,893,213,848,363,788,476,1103,183,1216,288,1279,318,938,453,930,648,1073,461,1096,678,960,71,1005,71,930,93,1043,78
990,93,998,206,893,213,848,363,788,468,1103,191,1223,303,938,461,930,648,1073,468,1088,663,968,71,1005,71,938,93,1051,86
990,93,990,198,893,213,855,356,795,468,1096,183,1216,296,938,461,930,648,1073,461,1096,671,968,71,1013,71,938,93,1051,86
990,86,998,206,893,213,863,363,818,468,1103,191,1231,303,938,461,930,648,1073,461,1088,663,968,71,1013,71,938,93,1051,86
990,86,998,206,893,213,870,371,870,483,1103,191,1216,303,1279,326,938,453,930,648,1073,461,1088,656,968,71,1013,71,938,86,1051,86
990,86,998,206,893,213,878,371,908,483,1103,191,1216,311,945,461,930,633,1073,468,1088,663,968,71,1013,63,938,93,1051,86
990,93,998,206,893,213,900,371,945,476,1103,191,1223,303,945,468,923,648,1073,468,1096,686,968,71,1005,71,938,101,1051,86
998,93,998,206,900,213,908,363,975,468,1103,191,1223,303,945,453,938,641,1081,461,1096,686,968,71,1013,71,938,93,1051,86
998,86,1005,206,900,213,915,371,983,468,1103,191,1216,296,1279,326,945,446,938,633,1081,453,1096,671,975,71,1020,71,945,93,1051,86
998,86,1005,206,900,213,908,371,975,468,1111,191,1223,303,945,453,930,633,1073,461,1096,663,975,71,1020,71,945,86,1058,86
1005,93,1005,206,900,206,908,371,960,468,1103,191,1223,303,945,461,938,641,1073,468,1096,678,975,71,1028,71,945,93,1058,86
1005,93,1005,206,900,213,908,371,960,476,1111,191,1216,311,945,461,930,641,1081,468,1096,678,983,71,1028,71,945,86,1058,93
1005,93,1005,206,900,213,900,371,953,468,1111,191,1208,333,945,476,1081,476,1103,716,975,71,1028,71,945,93,1066,93
1005,93,1005,198,900,206,900,371,945,476,1111,191,1186,363,1246,476,953,461,930,641,1081,468,1096,686,975,71,1028,71,945,93,1066,86
998,93,1005,198,900,206,893,363,923,468,1103,191,1163,356,1223,521,953,476,930,648,1088,483,1096,686,975,71,1020,71,945,86,1058,93
998,93,998,198,893,206,893,363,915,461,1103,191,1148,363,1208,528,953,461,930,641,1081,476,1088,678,975,71,1020,71,945,93,1058,93
998,93,990,198,893,213,885,363,908,476,1103,183,1156,348,1178,506,945,468,930,648,1081,476,1088,678,968,71,1013,71,938,93,1051,86
990,93,990,198,885,213,885,363,908,476,1103,191,1148,341,1163,483,945,461,930,641,1073,468,1088,656,968,71,1005,71,938,93,1051,86
983,101,990,198,885,213,878,363,900,468,1096,183,1148,333,1156,476,945,468,930,641,1066,468,1088,656,960,78,1005,78,930,93,1043,86
968,93,983,198,878,213,878,371,893,483,1088,183,1141,341,1133,476,945,476,930,648,1066,468,1081,648,945,71,990,71,915,93,1028,93
960,101,983,206,878,213,870,371,885,476,1081,183,1141,348,1141,483,938,461,930,641,1066,461,1081,641,938,78,983,78,908,93,1020,86
960,101,975,198,878,213,870,371,893,483,1081,183,1133,333,1141,476,938,476,930,648,1066,476,1081,648,938,78,975,78,908,93,1020,86
953,93,975,198,870,213,863,371,885,483,1073,183,1133,333,1133,468,938,461,923,656,1058,468,1081,648,930,78,975,71,908,101,1013,86
953,93,975,198,870,213,863,371,878,483,1073,183,1133,333,1148,483,930,476,923,656,1058,476,1081,678,938,71,975,71,908,93,1013,86
960,86,975,198,870,213,863,378,878,506,1073,183,1133,348,1156,506,930,468,1066,476,1073,693,938,71,975,71,908,101,1020,78
960,93,975,198,870,213,863,386,878,521,1073,183,1133,356,1171,521,930,476,1066,483,1073,716,938,71,983,71,908,93,1020,86
960,86,975,198,870,213,863,378,878,513,1073,183,1133,356,1171,513,930,468,1066,476,938,71,983,71,908,101,1020,93
968,93,975,198,870,213,863,378,885,513,1073,183,1141,356,1178,513,938,468,923,648,1066,476,1073,678,945,71,990,71,915,93,1028,86
968,86,983,198,878,213,863,378,885,513,1081,183,1141,348,1178,498,938,468,915,663,1066,476,1073,678,945,71,990,71,915,93,1028,86
968,86,983,198,870,213,863,378,885,513,1081,183,1141,356,1186,521,930,461,923,641,1066,468,1066,663,945,71,990,71,915,86,1028,86
975,93,983,198,878,213,863,378,878,513,1081,183,1141,348,1186,513,930,461,923,656,1066,476,1073,678,953,71,998,71,923,93,1028,86
975,93,983,198,878,206,863,378,878,513,1081,183,1141,348,1193,513,930,468,1066,476,1073,686,953,71,998,71,923,93,1028,86
975,86,983,198,878,213,863,378,878,513,1081,183,1148,348,1193,491,930,461,923,656,1066,476,1073,678,953,71,998,71,923,86,1036,86
975,86,983,198,878,213,863,378,878,513,1081,183,1148,348,1193,513,930,468,1066,476,953,71,998,63,923,93,1036,86
975,93,983,198,878,213,863,378,878,513,1081,183,1148,356,1193,513,930,461,923,648,1066,468,1073,671,960,71,998,71,923,86,1036,86
975,86,983,198,878,213,863,378,878,513,1081,183,1148,348,1193,498,930,461,923,648,1066,476,1073,671,953,71,998,71,923,93,1036,86
975,86,983,198,878,213,863,378,878,513,1081,183,1148,356,1193,513,930,468,923,656,1066,483,1073,678,953,71,998,71,923,93,1028,86
975,93,983,198,878,213,863,378,878,513,1081,191,1148,356,1193,513,930,468,923,663,1066,476,1073,678,953,71,998,71,923,93,1036,86
975,93,983,198,878,213,863,378,878,513,1081,183,1141,348,1186,498,930,468,923,663,1066,483,1073,678,953,71,998,71,923,93,1028,93
975,93,983,206,878,213,863,378,878,513,1088,191,1141,348,1193,506,930,468,923,656,1066,483,1073,678,953,71,998,71,923,93,1036,93
975,93,983,206,878,213,863,378,878,513,1088,191,1141,348,1193,506,930,468,923,656,1066,483,1073,678,953,71,998,71,923,93,1036,93
975,93,983,198,878,213,863,378,878,513,1081,183,1148,356,1193,521,930,468,923,656,1066,476,1073,686,953,71,998,71,923,93,1028,93
975,93,983,198,878,213,863,378,878,513,1081,191,1148,348,1193,506,930,461,923,648,1058,468,1073,671,953,71,998,71,923,93,1028,86
975,86,983,198,878,213,863,378,878,513,1081,183,1156,348,1208,506,930,468,1058,476,1073,686,953,71,998,71,923,93,1028,86
975,93,983,198,878,213,863,378,878,513,1081,191,1163,348,1223,513,930,461,923,648,1058,468,1073,671,953,71,998,71,923,86,1036,86
975,86,983,206,878,213,863,378,878,513,1088,191,1163,341,1216,483,930,461,923,648,1066,476,1073,671,953,71,998,71,923,86,1036,86
975,86,983,206,878,213,863,378,878,513,1081,191,1163,341,1223,491,930,461,923,656,1058,468,1081,678,953,63,998,71,923,93,1036,86
975,86,983,198,878,213,863,378,878,513,1088,191,1163,348,1223,498,930,461,930,648,1066,468,1073,663,953,71,1005,71,923,93,1036,86
983,86,983,198,878,213,870,378,878,513,1088,183,1171,348,1216,498,938,461,923,648,1066,468,1073,671,968,71,1005,71,930,86,1036,86
983,86,990,198,885,213,870,371,878,506,1088,191,1171,348,1216,491,938,453,938,626,1066,468,1073,663,960,71,1005,63,938,93,1043,78
990,71,990,191,893,198,870,363,870,491,1096,176,1171,341,1223,491,945,461,930,648,1073,468,1088,663,968,48,1005,48,938,78,1051,71
998,48,1005,176,900,191,870,348,863,476,1103,168,1171,326,1223,468,945,446,930,633,1081,461,1088,671,983,33,1020,41,953,56,1058,56
1013,41,1013,168,908,176,878,333,855,468,1118,153,1171,311,1216,446,945,438,930,641,1088,461,1096,678,998,3,1036,3,968,41,1066,33
1020,3,1020,161,923,168,870,311,855,453,1126,146,1178,296,1238,438,960,408,968,551,1096,431,1103,663,998,3,1036,3,968,3,1073,3
1020,3,1020,146,923,161,870,311,855,453,1126,138,1186,296,1246,438,968,393,990,513,1103,423,1103,633,1005,3,1043,3,968,3,1073,3
1028,3,1020,138,930,146,878,303,863,453,1126,131,1193,281,1253,416,968,378,998,506,1103,416,1005,3,1043,3,968,3,1073,3
1028,3,1028,138,930,146,878,311,870,446,1126,123,1193,281,1279,408,983,393,1118,416,1051,3,968,3,1081,3
1028,3,1028,123,930,131,878,296,870,438,1126,116,1201,266,1279,393,990,401,1126,416,968,3
1028,116,930,123,878,296,878,438,1126,108,1208,266,1279,386,990,408,1133,416
1028,108,923,116,878,288,1133,93
1020,78,908,86
1020,48,1126,41,1238,183,863,416
1013,3,1126,3,1246,146,893,41,848,236,848,386
848,206,840,363
840,198,840,348


855,356,788,333,1096,168
908,56
983,183
960,213,870,176,1028,93
953,236,870,191,1186,93
953,236,878,191,1020,123,1178,101
968,258,870,213,1028,146,1186,123
975,273,885,221,1036,153
975,281,893,236,1043,176,1178,146
983,288,900,236,1051,183,1193,146
975,281,900,228,1051,183,1201,153
983,281,900,228,1051,176,1193,146
983,273,900,228,1043,168,1201,146
990,273,900,228,1058,176,1201,153
990,273,908,228,1051,168
998,281,908,228,1066,183,1208,153
998,273,908,236,1058,183
998,281,915,236,1066,176
998,281,915,236,1066,176,1208,153
998,281,915,236,1058,176
998,281,915,236,1066,168,1216,153
998,288,908,236,1058,183,1216,146
998,288,915,236,1066,183,1208,153
998,288,908,243,1058,183,1208,153
990,288,908,236,1058,191
990,281,908,243,1058,191,1208,153
998,281,915,236,1058,191,1208,161
990,288,915,236,1058,183
998,288,915,236,1066,183,1216,161
998,281,915,236,1058,183
990,281,915,236,1066,183,1216,161
998,281,915,236,1066,183
990,288,915,243,1058,183
998,281,915,236,1058,176,1216,153
990,273,915,228,1058,176
975,213,900,168,1028,123,1216,86
983,101,900,71


67,588
915,153,825,108,990,93,735,228,1081,153
908,131,825,78,975,78,728,161,1066,138
840,146,780,86,908,93,675,153,983,153
870,153,638,506,803,101,930,108,698,176,998,176
893,116,960,78,728,123
915,56,638,431,855,3,990,3,743,93,1051,108
923,56,638,423,863,3,998,3,750,101,1051,116
930,56,645,423,885,3,990,3,758,78
908,78,638,461,840,41,975,41,728,131,1028,131
713,393,795,41

795,176
998,146,690,528,923,63,1066,108,795,161
975,161,968,513,690,536,908,101,1036,116,788,183
930,176,938,498,675,528,1208,453,863,123,998,131,758,191,1051,198
893,191,923,506,660,536,1186,461,833,131,960,138,735,206,1020,221
863,206,908,513,653,551,1156,468,795,153,923,168,705,221,990,228
833,228,885,521,645,566,1133,476,773,176,893,183,690,243,968,243
818,236,878,528,645,566,765,183,878,198,683,258,953,258
818,251,878,521,645,573,758,198,878,213,675,266,945,266
818,251,878,528,653,573,1118,491,765,206,870,213,683,273,938,266
825,251,885,536,660,573,1126,491,773,206,878,213,698,266,953,266
840,243,900,536,668,573,1141,491,788,198,900,206,705,273,968,266
855,251,900,528,668,566,1141,491,795,198,908,213,713,266,975,266
863,243,908,536,675,573,1156,498,803,198,915,213,720,266,983,266
870,243,908,536,675,566,1156,498,810,198,915,206,728,266,990,266
870,243,915,536,675,566,1163,498,818,198,923,206,735,266,998,266
878,243,923,536,683,566,1163,498,818,198,930,206,735,266,998,266
885,243,923,536,683,566,1163,491,825,198,938,206,735,266,1005,266
885,251,923,536,690,566,1171,498,825,198,938,206,743,266,1005,273
893,243,923,536,690,566,1171,498,825,198,938,198,743,266,1005,266
885,243,923,536,683,573,1171,498,825,198,938,206,743,266,1005,266
893,251,923,536,683,566,1178,506,825,198,945,213,743,266,1005,266
893,243,923,536,690,566,1178,498,825,198,938,213,743,273,1005,266
893,251,923,536,690,566,1178,498,833,198,938,213,743,266,1013,266
885,251,923,536,690,566,1178,506,825,198,938,213,743,266,1013,266
893,251,930,536,690,566,1171,498,825,198,945,206,743,266,1013,266
885,243,923,536,683,566,1178,498,825,198,938,206,743,266,1005,266
893,251,923,536,690,566,1171,498,825,198,938,206,743,273,1013,266
885,251,923,536,683,566,1171,498,825,198,938,206,743,273,1005,266
885,251,923,536,683,566,1178,506,825,198,938,206,743,266,1005,266
893,251,930,536,690,566,1171,498,825,198,945,213,743,266,1005,273
885,251,923,536,683,566,1171,498,825,198,938,213,743,266,1005,266
893,251,923,536,690,566,1171,498,833,198,945,206,743,273,1005,266
893,251,923,536,690,566,1178,506,825,198,945,206,743,266,1013,266
893,251,923,536,690,566,1178,498,825,206,938,206,743,273,1013,266
893,251,923,536,690,566,1171,498,825,198,945,213,743,273,1013,273
893,251,930,536,690,566,1178,498,833,198,945,213,743,266,1005,273
893,251,923,536,690,566,1171,498,825,198,938,206,743,273,1005,266
885,251,923,536,690,566,1171,498,825,198,945,206,743,273,1013,266
885,251,923,536,683,566,1171,498,825,198,945,206,743,266,1013,266
885,251,930,536,690,566,1178,498,825,198,938,206,743,266,1005,266
885,251,923,536,683,566,1178,498,825,206,938,213,743,266,1005,266
893,251,930,536,683,566,1178,498,825,198,938,213,743,273,1005,273
885,251,923,536,690,566,1178,498,825,206,938,213,743,273,1005,266
885,251,930,536,683,573,1171,498,825,198,938,206,743,273,1005,266
885,251,923,536,690,566,1171,498,825,206,945,206,743,273,1005,266
885,251,923,536,690,573,1171,498,825,206,938,206,743,273,1005,266
885,251,930,536,690,566,1178,498,825,206,938,213,743,273,1005,266
885,251,930,536,683,573,1178,498,825,198,938,206,743,266,1005,266
893,251,930,536,690,566,1178,498,825,198,945,206,743,273,1013,266
885,251,923,536,690,566,1171,498,825,198,938,206,743,266,1013,266
893,251,923,536,690,566,1178,498,825,198,945,206,743,273,1013,266
893,251,930,536,683,573,1178,498,825,198,938,206,743,266,1013,266
893,251,930,536,690,573,1178,498,825,198,938,206,743,266,1013,258
893,251,930,536,683,566,1171,498,825,198,945,213,743,273,1013,258
885,251,923,536,690,566,1178,498,825,198,938,213,743,273,1005,266
885,251,923,536,690,566,1178,498,825,198,938,206,743,273,1005,273
885,251,930,536,690,566,1178,498,825,198,938,206,743,273,1013,266
893,251,930,536,683,573,1171,491,825,198,938,213,743,266,1013,266
885,251,930,536,683,573,1171,491,825,198,938,213,743,273,1013,266
893,251,930,536,690,566,1178,498,833,198,945,213,743,266,1013,266
893,251,930,536,690,566,1178,498,825,198,945,213,743,273,1013,266
893,251,930,536,690,566,1171,491,825,198,945,213,743,273,1013,266
893,251,930,536,690,566,1171,498,833,198,938,213,743,273,1013,258
885,251,930,536,690,566,1178,498,825,198,938,206,743,266,1013,266
893,251,930,536,690,566,1171,498,825,206,945,213,743,273,1013,273
893,251,930,536,690,566,1178,498,833,198,938,213,743,273,1013,266
893,251,930,536,690,566,1171,498,825,198,945,206,743,273,1013,266
885,251,930,536,690,566,1178,498,833,198,938,213,743,273,1013,266
893,251,930,536,690,566,1178,498,825,206,945,206,743,273,1013,266
893,251,930,536,683,566,1178,498,825,206,945,213,743,273,1013,266
893,251,930,536,690,566,1178,498,825,206,945,213,743,273,1013,258
893,251,930,536,690,566,1178,498,825,206,945,213,743,273,1013,266
885,251,923,536,690,566,1178,498,825,206,938,213,743,273,1013,266
885,258,930,536,683,566,1178,498,825,206,938,213,743,273,1013,266
885,251,923,536,683,566,1178,491,825,206,938,213,743,273,1013,266
885,251,930,528,690,566,1178,491,825,206,945,213,735,273,1013,266
885,251,930,528,690,566,1178,498,825,206,945,206,743,273,1013,266
885,251,923,536,683,566,1178,498,825,206,938,213,743,273,1013,251
885,251,930,536,690,566,1178,491,825,206,938,213,735,273,1013,266
885,258,930,536,690,566,1178,498,825,206,938,213,743,273,1013,258
885,258,930,536,690,566,1171,491,825,206,938,213,743,273,1005,266
885,258,930,536,690,566,1178,498,825,206,938,213,743,273,1013,258
885,258,930,536,690,566,1178,498,825,206,938,213,735,273,1013,266
885,258,930,536,690,566,1178,498,825,206,938,213,743,273,1013,266
885,258,930,536,690,566,1178,498,825,206,945,213,743,266,1013,266
885,258,930,536,690,566,1178,498,825,206,938,213,743,273,1013,266
885,258,923,536,690,566,1171,498,825,206,938,213,743,273,1005,266
885,258,930,536,690,566,1171,498,825,206,945,213,743,273,1013,258
885,258,923,536,690,566,1171,498,825,213,938,213,743,273,1005,266
893,258,930,536,690,566,1178,498,825,206,938,213,743,273,1013,258
885,258,930,536,690,566,1178,498,825,213,938,213,743,273,1005,266
885,258,923,536,683,566,1178,498,825,206,938,213,743,273,1013,266
885,258,923,536,690,566,1171,491,825,206,945,213,735,273,1013,258
885,258,930,536,690,566,1178,498,825,213,938,213,743,273,1013,266
885,258,930,536,690,566,1178,491,825,206,938,213,735,273,1005,266
885,258,930,536,690,573,1178,498,825,206,945,213,743,273,1013,266
885,258,930,536,690,566,1178,506,825,206,938,213,743,273,1005,266
885,258,930,536,690,573,1186,506,825,206,938,213,743,273,1013,266
885,251,930,536,690,566,1178,498,825,206,938,213,743,273,1005,266
885,258,930,536,690,566,1178,498,825,206,938,213,743,273,1013,266
885,258,930,536,690,566,1178,498,825,206,938,213,743,273,1013,266
885,258,923,536,690,566,1178,506,825,206,938,206,743,266,1005,266
885,258,930,536,690,566,1178,498,825,206,938,213,743,273,1013,266
885,258,930,536,690,566,1178,498,825,206,938,213,743,273,1013,266
885,251,930,536,690,566,1171,491,825,206,945,206,743,273,1013,266
885,258,930,536,690,566,1171,498,825,206,938,213,743,273,1005,266
885,258,930,536,683,573,1178,498,825,206,938,213,743,273,1013,266
885,258,930,536,683,573,1171,498,825,206,938,213,743,273,1013,266
885,258,930,536,690,566,1178,498,825,206,938,213,743,273,1013,266
885,258,930,536,690,566,1178,498,825,206,945,213,743,273,1005,266
885,258,930,536,690,566,1178,498,825,206,938,213,743,273,1013,266
885,258,930,536,690,573,1178,498,825,206,938,206,743,273,1013,266
885,251,930,536,683,573,1178,498,825,206,945,213,743,273,1013,266
885,251,930,536,690,566,1178,498,825,206,938,206,743,281,1005,266
885,258,923,536,690,566,1178,498,825,206,938,213,743,273,1013,266
885,258,923,536,690,566,1186,506,825,206,938,213,743,273,1013,266
885,258,930,536,690,566,1178,498,825,206,938,213,743,273,1005,266
885,258,930,536,690,566,1186,498,818,206,938,206,743,273,1005,266
885,251,930,536,690,566,1178,498,825,206,938,206,743,273,1013,266
885,243,923,536,690,566,1178,498,825,191,938,206,743,266,1005,266
893,236,930,528,698,558,1178,491,840,191,938,198,758,251,1013,258
908,228,938,521,705,543,1178,491,855,183,953,191,773,251,1020,258
930,206,953,513,720,536,1193,491,878,168,975,176,795,243,1043,251
945,198,960,506,735,528,1208,483,893,161,990,168,818,243,1058,251
960,191,968,513,743,528,1216,483,908,161,1005,161,833,243,1073,251
975,191,975,513,758,521,1216,491,923,161,1013,168,848,243,1081,258
975,191,990,513,758,521,1223,498,930,161,1020,168,855,251,1096,266
975,198,990,513,765,521,1223,506,930,168,1013,168,855,258,1096,266
968,198,990,513,765,528,1223,498,923,176,1013,168,855,266,1088,266
960,206,983,513,765,528,1216,498,908,183,1005,183,848,273,1073,266
945,206,975,521,758,536,1208,506,900,191,983,191,840,281,1066,273
923,213,968,528,750,543,1201,498,885,198,968,191,825,288,1051,273
915,221,968,528,750,551,1201,506,878,198,960,198,818,288,1036,273
900,228,953,528,743,551,1178,498,855,213,945,198,810,296,1020,266
900,228,953,528,743,551,1186,498,855,213,938,198,810,303,1028,273
900,236,953,528,743,551,1186,513,855,213,945,206,810,296,1028,273
900,236,953,528,743,551,1186,506,855,213,945,206,810,296,1028,273
908,236,953,528,743,551,1178,498,855,213,945,213,810,296,1028,273
908,236,953,536,743,551,1186,506,863,221,945,213,810,296,1028,273
908,236,953,528,743,551,1178,506,855,213,953,206,810,296,1028,273
908,236,960,528,743,551,1186,513,855,221,945,206,810,296,1028,273
908,236,953,536,743,551,1186,513,855,221,945,213,810,296,1028,273
908,236,953,536,743,551,1186,506,855,221,945,213,810,296,1028,266
900,243,953,536,743,551,1193,513,855,221,945,213,810,303,1028,273
900,243,960,536,743,558,1193,506,855,221,945,221,810,303,1028,266
893,251,953,536,743,551,1186,513,848,228,945,221,803,303,1020,266
893,251,960,536,743,558,1186,513,848,228,938,221,803,303,1020,273
893,251,960,536,743,558,1186,513,848,228,938,221,803,303,1013,266
893,251,960,536,743,558,1186,513,848,228,938,221,803,303,1013,266
893,243,953,536,735,558,1186,513,848,221,938,221,795,296,1013,266
893,243,953,536,735,551,1178,513,840,228,930,213,795,296,1013,266
885,243,945,536,735,558,1171,513,840,228,930,221,795,303,1005,273
885,251,945,536,735,558,1178,506,840,228,930,221,795,303,1005,266
885,243,945,536,735,558,1178,506,833,228,930,221,795,303,1005,273
885,251,945,536,735,558,1178,513,840,221,930,221,788,303,1005,266
885,243,945,536,728,558,1178,513,840,221,930,221,788,296,1005,273
885,251,945,536,728,558,1178,513,840,221,930,221,788,296,1005,273
878,243,938,521,720,551,1171,491,833,221,923,213,788,296,998,266
863,236,930,513,713,551,1163,468,818,213,915,213,765,288,990,258
848,228,915,506,690,551,1148,446,795,206,893,198,743,281,975,243
810,213,878,483,660,543,1103,408,765,183,863,183,705,258,938,236
795,191,848,468,623,528,1088,378,743,153,840,161,675,228,923,213
795,161,840,468,593,513,1096,401,735,123,848,123,660,198,930,191
825,108,855,453,578,468,765,63,893,56,675,138,983,138
720,78

840,168,1005,191
743,3,825,191,998,191
630,3,998,191
630,48,555,3,420,93,367,213,705,93,495,341,600,378,585,626
623,63,555,3,420,123,367,236,698,116,487,333,457,543,593,363,593,596
623,78,548,26,412,146,375,258,683,123,480,333,442,566,578,371,570,603
600,78,518,33,390,161,360,258,683,123,780,236,938,221,465,318,465,483,578,371,555,603
593,86,510,41,390,161,330,273,668,123,735,273,848,303,442,333,442,506,563,386,540,611
570,78,480,41,360,183,285,281,653,123,698,296,803,386,420,348,405,566,548,386,525,626
555,86,465,41,345,191,255,303,645,123,675,311,750,423,412,356,375,603,548,393,525,626
533,86,450,48,330,198,240,311,630,123,653,296,720,431,397,356,367,596,533,386,525,633
525,86,435,41,315,206,225,341,615,123,645,296,720,431,390,356,360,581,525,378,555,588
518,86,420,48,307,213,232,348,615,123,645,288,728,416,375,356,352,588,525,371,563,566
518,86,420,48,322,228,240,371,615,116,653,288,743,416,390,363,360,558,525,378,540,618
525,93,427,56,337,236,255,371,630,116,660,296,750,416,397,356,367,573,540,378,533,611
533,93,435,63,345,243,270,386,638,123,675,303,758,416,405,356,375,573,548,386,548,633,630,3
540,101,450,71,360,258,285,393,645,131,675,303,773,431,420,363,375,581,555,401,555,626,645,3
608,3,563,108,457,78,375,258,300,393,653,138,690,303,773,431,435,371,390,566,570,401,555,626,638,3,653,3
608,3,570,108,472,86,382,258,307,393,660,138,698,311,780,431,442,371,405,551,578,401,555,618,638,3,660,3
615,3,570,116,480,86,390,258,307,393,668,146,698,311,773,431,450,371,397,566,578,408,555,618,645,3,668,3
623,3,578,116,480,86,390,258,315,386,675,146,705,318,780,438,450,371,397,581,585,401,563,611,645,3,668,3
630,3,578,123,487,93,397,266,315,386,675,146,705,318,780,438,457,371,397,581,585,408,563,626,653,3,675,3
630,3,578,123,487,93,397,266,322,393,675,146,705,318,773,438,457,371,405,566,585,408,563,626,660,3,675,3
630,3,578,123,487,93,397,258,322,386,675,153,705,318,780,438,457,371,397,581,585,408,563,618,660,3,675,3
630,3,578,123,487,93,397,266,322,386,675,146,705,318,780,438,457,371,397,588,585,408,563,618,660,3,675,3
630,3,578,123,487,93,397,266,315,386,675,146,705,326,773,438,457,378,397,581,585,408,563,618,660,3,675,3
630,3,578,123,487,93,397,266,315,393,675,146,705,318,773,438,457,371,397,581,585,408,563,626,660,3,675,3
630,3,578,123,487,93,397,266,315,393,675,146,705,318,773,438,457,378,397,588,585,408,563,626,653,3,675,3
623,3,578,123,487,93,397,258,322,386,675,146,705,311,773,438,457,378,397,581,585,408,563,618,653,3,675,3
623,3,578,123,487,93,397,266,322,393,675,146,713,318,773,438,457,371,397,581,585,408,563,626,653,3,675,3
630,3,578,123,487,93,397,266,322,386,675,146,705,318,773,438,457,378,397,581,593,408,563,626,660,3,675,3
623,3,578,123,487,93,397,266,322,393,675,146,713,326,780,446,457,371,397,581,585,408,563,626,653,3,675,3
630,3,585,116,487,93,397,266,322,386,675,146,713,326,773,438,457,378,397,581,593,408,563,618,660,3,675,3
630,3,585,116,495,93,405,258,330,386,683,146,705,311,773,438,457,378,397,581,593,408,563,618,660,3,683,3
630,3,593,108,495,78,420,243,337,371,683,138,705,311,765,431,457,371,397,581,593,408,563,618,683,3
593,101,502,71,420,228,337,356,690,131,705,303,758,431,465,363,397,581,600,408,555,618,683,3
600,93,502,63,427,213,345,341,690,116,705,296,743,423,472,356,397,573,608,401,555,626
600,86,510,56,427,213,337,333,690,108,705,288,735,416,472,341,405,551,608,393,555,618
593,78,502,48,420,206,337,326,690,101,705,273,728,416,472,333,405,566,600,386,555,611
593,63,495,41,420,198,330,333,690,86,705,273,728,408,472,333,405,558,600,386,555,603
578,56,487,33,405,198,322,318,675,78,698,258,735,408,465,348,412,596,600,386,555,626
563,33,457,348
540,3,352,168,645,3,683,213,728,363,435,326,593,356
337,131,255,258,668,183,728,333,420,311,390,603,585,333,608,588
668,161,728,303,405,303,375,618,585,296,668,491
668,138,728,273,420,273,390,618,593,266,698,431






848,3


863,48
878,48

848,41


780,3


818,146
975,56,803,168
1005,138,915,78,1081,63,788,191
990,138,315,498,915,86,1066,93,795,191
968,131,960,446,675,468,900,86,1043,86,795,191,1111,168
968,138,953,453,675,483,893,93,1020,93,795,191,1088,183
923,153,930,468,683,498,1193,416,863,116,983,116,773,198,1036,183
878,168,908,483,683,521,1148,416,818,131,930,138,735,206,983,198
855,183,893,483,675,536,1126,408,795,146,900,153,720,213,960,213
810,191,870,483,653,543,1096,408,765,153,855,161,690,228,930,221
795,198,855,483,638,551,1081,408,750,161,848,168,675,236,908,228
795,198,855,483,638,558,1081,416,743,168,840,168,675,236,908,236
803,198,855,483,630,551,1081,401,743,161,848,168,668,228,915,228
810,198,863,468,630,543,1088,393,750,161,855,168,675,228,923,221
818,198,863,453,638,521,1096,378,758,153,870,161,675,228,938,221
833,198,870,453,645,513,1103,378,773,153,885,161,690,228,945,221
840,198,870,453,638,521,1111,378,765,153,893,161,683,228,953,221
833,198,870,453,638,513,1111,378,765,153,885,161,675,228,945,213
825,198,870,461,630,528,1111,378,758,153,878,153,675,228,945,213
818,198,870,461,630,536,1118,378,750,153,870,153,668,236,938,206
818,198,870,461,623,536,1118,378,750,161,863,153,675,236,938,198
818,198,870,461,623,543,1118,378,750,161,870,153,675,228,938,206
818,198,870,461,630,536,1118,378,750,161,870,153,675,228,938,206
818,198,870,468,630,536,1118,378,750,153,878,146,675,228,945,206
825,198,870,468,630,543,1118,378,758,153,878,153,675,228,945,198
825,198,870,468,630,543,1126,386,758,153,878,153,675,228,945,206
825,198,878,468,630,543,1126,378,758,153,878,146,675,228,945,198
825,198,870,468,630,543,1126,378,758,153,878,153,675,228,945,206
825,198,870,468,630,543,1126,378,758,153,878,153,675,228,953,198
818,198,870,468,630,543,1126,378,758,153,870,153,675,228,953,206
825,198,870,468,630,543,1118,378,758,161,878,153,675,228,945,198
825,198,870,468,630,543,1126,386,758,153,878,153,675,228,945,198
825,198,870,468,630,543,1126,378,750,153,878,153,675,236,953,198
825,198,878,476,630,543,1126,386,758,153,885,153,675,236,945,213
825,198,878,468,630,543,1126,386,758,153,885,146,675,236,945,206
833,198,870,468,630,551,1126,378,758,153,885,153,675,236,945,206
825,198,878,476,630,543,1126,386,758,153,885,153,675,228,953,206
833,198,878,468,630,543,1133,386,758,153,885,153,675,228,953,206
833,198,878,476,630,543,1126,386,758,153,885,153,675,236,953,198
833,198,878,468,630,543,1126,378,758,161,885,153,675,236,953,206
833,198,870,476,630,543,1126,386,758,153,885,153,675,236,953,198
833,206,878,476,630,543,1126,378,758,161,885,153,675,236,953,198
825,206,878,468,630,543,1133,386,758,161,878,161,675,236,953,206
833,206,878,468,630,543,1126,386,758,153,885,153,675,236,953,198
833,206,878,468,630,543,1133,386,758,161,885,161,675,236,953,206
833,206,878,468,630,543,1141,386,758,161,885,153,675,236,953,206
833,206,878,468,630,543,1133,378,758,161,885,161,683,236,953,213
833,206,878,468,630,543,1133,378,765,161,885,161,683,236,960,206
833,206,878,468,630,543,1141,378,765,161,885,161,683,236,960,198
833,206,878,468,630,543,1133,378,758,161,885,161,683,236,960,206
833,206,885,468,630,543,1133,378,765,161,885,161,683,236,960,206
840,206,878,468,630,543,1141,378,765,153,893,153,683,236,960,198
840,206,885,468,638,543,1141,386,765,153,893,153,690,236,960,206
840,206,878,468,638,543,1141,386,765,153,893,153,683,236,968,198
840,206,885,468,638,543,1133,378,765,161,893,161,690,236,968,206
840,206,885,468,638,543,1141,386,765,153,900,161,690,236,968,198
840,206,885,461,638,536,1141,378,773,161,893,153,690,236,968,198
840,206,885,468,638,543,1141,386,773,161,893,161,690,236,968,198
840,206,893,468,638,543,1141,386,765,153,900,153,690,236,968,198
840,198,885,468,638,536,1148,386,765,153,893,146,690,236,968,191
840,198,893,468,645,543,1148,378,765,153,893,146,690,236,968,206
848,198,893,468,645,536,1148,386,773,153,900,153,698,236,968,206
840,206,893,468,645,536,1148,378,773,161,893,146,698,236,968,206
840,198,893,468,638,543,1148,386,765,153,893,153,698,236,968,206
840,198,893,461,645,536,1148,378,765,153,893,146,690,236,968,191
840,198,893,468,645,536,1141,378,765,153,900,153,690,236,968,198
840,206,893,468,638,543,1148,386,765,153,893,153,690,236,968,198
840,206,885,461,638,536,1148,386,765,153,893,153,690,236,960,198
833,206,885,468,638,543,1141,386,758,161,885,153,683,236,960,198
825,206,885,468,638,543,1133,386,758,153,885,161,683,236,960,206
825,206,885,468,638,543,1141,378,758,161,878,161,683,236,953,206
825,206,885,476,638,543,1141,386,758,161,878,153,683,243,953,198
825,206,885,468,638,543,1141,386,758,161,878,153,683,243,953,198
825,198,885,468,638,543,1141,378,758,161,878,153,683,243,960,206
825,206,885,468,638,543,1141,386,750,161,878,153,683,243,960,198
825,206,885,476,638,543,1141,386,758,161,878,153,683,243,953,198
825,206,885,468,638,543,1141,386,758,161,878,153,683,243,960,198
825,206,885,468,638,543,1141,386,758,161,878,161,683,243,960,198
825,206,893,468,638,543,1141,386,750,161,878,153,683,243,960,198
825,206,885,468,638,543,1141,386,750,161,878,153,683,243,960,198
825,206,893,476,638,543,1141,386,750,161,878,153,683,243,960,198
825,206,893,476,638,543,1141,386,758,161,878,153,683,243,960,206
825,206,885,476,645,543,1141,386,758,161,878,153,683,243,960,198
825,206,885,468,645,536,1141,386,758,161,878,161,683,243,960,198
833,206,885,468,645,543,1141,378,758,161,885,153,683,243,960,198
825,206,885,468,638,543,1141,378,750,161,878,153,683,243,960,198
825,198,885,468,638,543,1133,386,750,161,878,153,683,243,953,206
825,191,885,476,638,543,1141,386,750,161,878,146,675,243,960,198
825,206,885,468,638,543,1133,386,750,168,870,153,683,243,953,198
825,198,885,468,638,543,1133,378,750,161,878,153,683,243,960,198
818,191,885,468,638,543,1133,386,750,161,878,146,683,243,953,206
818,206,885,468,638,543,1141,386,750,161,870,153,675,243,953,206
818,206,885,476,638,543,1141,386,750,161,870,161,675,243,953,206
818,198,893,468,638,543,1141,386,750,161,870,153,683,243,953,206
818,198,885,476,638,543,1141,386,750,161,870,153,683,243,953,206
825,198,885,468,638,543,1141,386,750,161,878,146,683,243,960,198
825,198,893,468,638,543,1133,386,758,153,885,146,683,243,960,191
825,198,885,468,638,543,1141,386,758,161,878,146,683,243,960,198
818,206,885,468,638,543,1141,386,750,161,870,153,683,243,960,198
818,198,885,468,638,543,1141,386,758,153,878,153,683,243,960,206
848,183,885,476,638,543,1133,386,780,146,900,146,698,228,968,213
885,168,885,468,638,543,1133,378,810,131,923,131,705,221
923,168,900,468,638,543,1133,378,848,131,953,131,720,213
983,191,645,543,900,138,1013,146,743,213
1028,206,653,536,930,138,1043,161,758,206
1028,198,645,536,938,138,1051,161,765,206
990,183,653,536,908,131,1013,138,750,213
953,183,900,476,645,536,870,131,983,131,735,221
915,183,893,476,645,536,833,138,945,138,720,221
863,191,885,476,645,536,788,146,923,146,705,228,983,221
803,198,885,476,638,543,1133,393,743,161,863,153,683,251,960,213
765,206,885,476,638,536,1133,386,720,168,818,161,945,206
728,213,885,476,638,543,1126,386,690,183,788,168,930,191
683,228,893,476,645,543,1141,386,653,191,743,168,900,183
645,251,900,476,645,551,1141,386,615,213,690,191,863,176
630,296,900,483,645,551,1148,393,608,266,653,251,840,176
623,281,893,491,638,551,1141,393,593,258,653,221,825,183
623,281,893,491,645,551,1133,393,593,258,653,221,825,176
623,273,893,491,645,543,1133,393,593,251,653,221,818,183
623,281,893,483,645,551,1133,386,593,251,653,221,825,183
623,273,893,483,645,551,1133,393,593,251,660,213,825,176
623,273,885,483,638,551,1141,386,593,251,668,213,825,183
630,273,893,491,645,551,1141,401,600,258,660,221,825,176
638,303,893,483,645,551,1141,393,608,266,653,251,840,176
660,251,893,483,638,551,1133,386,615,236,698,198,855,183
683,243,885,476,645,551,1133,393,638,221,728,183,870,183
713,228,893,476,645,543,1141,393,668,206,758,168,893,183
758,213,893,468,645,543,1141,386,698,191,810,161,668,273,915,183
788,206,893,476,645,543,1148,386,720,176,833,153,668,266,930,191
810,198,893,468,645,543,1148,393,743,161,855,146,675,251,945,206
833,198,893,468,645,543,1148,386,765,153,885,146,690,236,968,206
855,183,893,476,645,543,1148,386,788,146,915,146,698,228,975,221
870,183,900,476,645,543,1156,393,803,138,923,138,705,221,983,221
885,183,900,468,645,543,1148,393,810,138,938,146,705,221,990,221
878,183,900,468,645,543,1156,386,810,138,938,146,713,221,990,228
870,183,900,468,645,536,1156,401,803,138,930,146,705,221,990,228
863,183,900,483,645,543,1156,401,803,138,930,146,705,221,990,228
863,183,893,483,645,543,1148,401,803,138,923,138,705,221,983,228
863,183,900,476,645,543,1148,401,795,138,915,146,705,221,983,221
855,183,893,476,645,543,1148,393,795,138,915,146,705,221,983,228
855,183,893,476,645,543,1148,393,795,138,908,146,705,221,975,221
855,183,893,476,645,536,1148,393,788,146,908,146,705,221,983,228
855,183,893,476,645,536,1148,393,795,138,915,146,705,221,983,221
855,183,900,476,645,543,1148,393,795,138,915,138,705,221,983,221
855,183,893,476,645,543,1148,401,795,146,915,138,705,221,983,221
863,183,900,476,645,536,1156,401,795,146,915,146,705,221,983,221
863,183,900,476,645,536,1148,393,795,146,915,146,705,221,983,221
855,191,893,476,645,536,1148,393,795,146,915,146,705,228,983,221
863,191,893,476,645,536,1148,393,795,153,915,153,705,228,990,228
863,198,893,476,645,536,1156,401,795,153,923,161,705,228,990,228
870,198,893,468,645,536,1148,393,795,153,923,153,705,228,983,228
863,198,893,476,645,536,1148,401,795,153,915,153,705,228,983,221
863,198,893,476,645,543,1148,401,795,153,915,161,705,228,983,221
870,198,893,468,653,543,1148,393,795,153,923,161,705,236,983,228
870,206,893,476,645,543,1141,401,803,153,915,168,713,228,983,228
870,198,893,483,653,543,1141,401,803,161,915,161,713,228,983,221
870,206,900,483,653,551,1148,408,810,161,915,183,720,236,975,228
863,198,900,491,660,558,1148,408,803,153,915,161,713,228,975,228
863,191,900,491,653,551,1148,408,795,153,900,153,713,228,968,221
870,183,900,498,645,566,1148,408,795,153,923,153,705,236
878,183,908,483,660,551,1156,401,788,146,705,236
870,183,908,491,660,558,1156,408,788,153,900,138,698,251
863,191,908,483,668,543,1148,408,788,161,908,161,705,251
855,198,915,476,683,521,1156,401,780,168,900,161,713,258,960,191
855,206,930,476,698,521,1171,408,795,183,893,168,728,258,975,198
900,243,960,476,720,513,810,513,1201,408,833,191,930,191,758,258,1013,198
930,198,990,461,758,491,848,483,1238,408,863,168,975,161,795,243,1066,183
998,176,780,468,900,476,923,138,1036,138,848,221,1133,168
1058,153,810,453,983,108,900,206
1111,138,1036,108,945,191
998,183
1201,123,1118,86,1005,176
878,438,1118,93,998,183
1081,108,975,191
1036,108,930,191
983,108,885,198
938,101,833,191
953,131,878,93,780,183
908,153,825,101,968,93,728,183,1043,146
848,168,1141,386,773,123,908,116,683,206,983,176
810,206,840,483,585,513,1081,401,728,161,855,153,645,236,930,206
788,221,578,528,1073,393,705,176,840,168,623,243,908,213
788,228,570,536,1073,393,705,176,840,176,623,251,908,221
803,221,578,543,1088,393,713,168,855,168,630,251,915,206
825,221,840,483,585,543,1096,393,728,168,878,161,638,243,938,213
840,213,585,543,750,168,893,161,653,243
848,221,593,536,758,168,900,161,660,243
848,228,593,536,765,168,915,161,660,236
848,228,593,536,758,168,915,168,660,236
848,221,593,536,758,168,908,176,660,236,968,228
840,221,585,543,758,168,893,176,653,243,960,228
840,228,585,543,750,168,900,176,653,243,960,228
840,236,585,551,750,168,893,183,645,243,953,228
833,228,585,551,750,168,885,176,645,243,953,228
825,228,840,491,585,543,750,168,885,168,653,243,960,206
833,228,855,498,593,551,1111,408,750,168,893,168,653,236,953,221
825,228,855,498,600,558,750,168,893,168,653,243,953,213
825,228,848,498,600,558,750,168,893,168,653,243,953,221
825,221,593,551,1111,401,743,161,885,168,653,236,953,221
825,221,863,498,593,551,1118,408,743,161,878,161,645,243,953,221
818,228,855,491,585,551,1111,408,735,168,878,161,645,243,945,221
825,221,848,491,585,551,1111,408,743,161,885,168,645,243,945,221
818,228,848,491,585,551,1111,401,735,168,878,168,645,243,945,213
818,228,848,498,585,558,1111,401,735,168,885,168,645,243,945,221
818,221,848,498,593,551,735,168,878,168,645,243,945,213
810,221,848,498,585,558,1111,408,735,168,870,161,645,243,945,221
818,228,848,498,593,558,1111,408,735,168,870,168,645,243,945,213
818,228,848,491,593,551,1111,408,735,168,878,161,645,243,953,221
825,221,855,491,593,543,1111,408,743,161,885,161,645,243,945,213
840,213,855,483,600,536,1118,408,750,153,900,161,653,236
848,206,863,476,600,536,758,153,908,161,668,236,960,206
848,206,870,476,608,536,1133,408,765,153,908,161,668,236,968,206
855,206,870,476,608,536,1141,408,773,153,915,146,675,228
870,206,878,476,608,528,1141,408,780,153,930,153,675,228
870,206,878,476,608,536,1148,408,788,153,930,153,675,228
863,213,878,476,608,536,1141,408,780,153,930,153,675,228
863,213,878,468,615,521,1141,408,780,161,923,153,675,236
863,213,878,476,608,521,780,161,923,153,675,236
863,221,878,476,615,521,773,161,915,153,675,236
863,213,878,476,615,521,773,153,915,153,675,228
870,213,878,476,615,521,1141,408,780,161,923,153,675,236
863,213,878,476,615,521,1148,408,780,153,930,153,675,236
870,213,878,476,615,521,780,153,930,161,675,236
870,213,878,476,615,521,1141,416,780,161,930,153,675,236
863,213,878,476,615,513,780,153,923,153,675,236
855,213,878,468,615,513,1141,408,773,161,923,161,675,236
863,213,885,476,615,513,773,161,930,153,675,236
855,213,878,476,615,521,773,161,915,153,675,236
863,213,885,476,623,521,773,153,923,146,675,236
863,213,878,483,623,528,1148,416,780,161,923,161,675,236,983,198
855,213,878,491,623,543,773,161,923,161,683,236,983,213
855,213,878,491,623,543,1148,416,780,161,915,161,683,243,983,221
848,213,878,491,623,543,1133,416,773,161,908,161,683,236,975,228
848,206,878,498,623,551,1133,431,773,161,908,168,683,243,968,228
840,213,878,498,630,551,1111,431,765,168,885,176,683,251,953,228
818,221,863,506,630,558,1103,438,758,183,870,183,675,258,938,243
803,228,863,506,630,558,1096,438,750,191,855,191,675,266,923,243
803,228,863,513,630,566,1088,446,743,191,848,191,675,273,915,243
795,228,855,513,630,566,1081,461,735,206,840,198,668,281,908,251
788,228,855,513,630,566,1081,461,728,206,833,198,668,288,908,258
788,236,855,513,638,566,1073,461,728,213,833,198,668,288,900,258
788,236,855,513,630,566,1073,461,735,213,833,206,668,288,900,258
788,236,855,513,630,566,1081,461,728,213,833,206,668,288,908,266
788,236,855,513,630,566,1081,461,735,213,840,213,675,288,908,266
795,243,855,513,638,558,1081,461,735,213,840,213,675,288,908,266
803,236,863,513,638,566,1081,461,743,213,848,206,675,288,908,266
803,243,863,513,638,558,1081,461,743,213,840,213,675,281,908,258
795,243,855,521,638,566,1081,468,735,213,840,213,675,288,908,266
795,251,855,521,638,566,1081,461,735,221,833,221,675,288,908,258
788,243,855,521,638,566,1073,468,728,221,833,213,675,296,900,258
788,243,855,521,638,573,1073,468,735,221,833,221,668,296,900,266
795,251,855,521,638,573,1073,468,735,221,840,213,675,288,900,258
795,251,855,521,638,566,1073,468,735,221,833,213,675,296,908,266
795,251,855,513,638,566,1073,468,735,221,833,213,675,296,908,266
803,251,855,513,638,566,1073,468,743,221,840,221,675,296,908,266
803,243,855,521,645,566,1081,468,750,221,848,213,675,288,908,266
803,243,855,521,645,566,1073,468,750,221,848,213,675,296,908,266
803,243,855,521,645,566,1073,468,750,221,848,221,675,296,908,266
803,251,855,521,638,573,1081,476,743,221,840,221,675,296,908,266
788,243,855,521,638,573,1073,476,728,221,825,221,668,296,893,273
780,236,855,521,638,573,1066,468,728,221,818,221,668,303,885,273
765,243,855,521,630,581,1066,468,713,221,810,221,653,303,878,266
758,213,848,498,630,551,1058,438,698,191,803,183,645,288,878,243
758,213,848,498,630,551,1066,446,698,191,795,183,645,281,878,243
750,213,848,498,630,543,1066,438,698,191,795,191,645,281,870,243
750,206,848,498,630,543,1066,446,698,191,795,183,645,281,878,236
758,206,855,498,630,543,1066,438,698,191,795,183,645,288,878,236
758,213,855,506,630,543,1073,446,698,191,795,183,645,281,878,236
758,213,855,498,630,543,1066,438,705,191,795,198,645,281,878,236
758,213,848,498,630,543,1066,446,705,191,803,191,645,281,878,236
758,221,848,498,630,543,1066,438,705,191,803,198,645,281,878,236
758,213,855,506,630,551,1073,453,705,191,795,191,645,281,878,236
758,206,848,498,630,543,1066,446,698,191,803,183,645,281,878,236
750,221,848,498,630,543,1058,446,698,198,788,206,645,288,878,236
750,221,848,506,630,551,1058,446,698,198,788,206,645,288,878,236
750,228,848,506,630,551,1066,446,698,198,788,213,645,281,878,236
750,221,848,506,630,551,1058,446,698,198,788,191,645,288,870,243
743,228,848,506,630,551,1058,453,698,206,788,206,645,281,870,236
848,506,630,551,1058,453,705,206,795,221,645,281,878,236
750,221,848,506,630,551,1058,446,698,198,788,206,645,288,878,236
758,221,848,506,630,551,1058,453,705,206,795,191,645,288,878,236
765,228,855,513,630,551,1073,461,705,206,803,206,653,288,878,236
773,236,855,506,638,551,1073,461,713,206,810,213,660,281,885,236
758,228,848,513,630,558,1066,453,705,206,795,206,660,288,885,243
743,228,855,506,630,558,1073,446,698,213,788,198,653,288,878,236
720,236,855,506,638,551,1066,453,675,213,765,198,870,236
705,243,848,506,630,551,1066,446,668,221,750,213,863,236
690,251,848,506,630,558,1066,453,660,221,735,213,863,243
690,251,840,506,623,558,1066,446,653,228,735,213,863,236
698,251,848,506,630,551,1066,446,660,221,743,213,863,236
698,251,848,506,630,551,1066,453,668,221,743,213,863,236
705,251,855,506,638,551,1066,446,668,221,750,213,863,236
705,251,848,506,638,551,1073,446,668,221,758,213,870,243
705,251,848,506,630,558,1073,453,675,221,758,206,878,236
713,243,848,506,630,551,1066,453,675,221,765,206,878,236
705,251,848,506,630,551,1073,453,675,221,758,206,870,236
713,243,848,506,630,551,1066,453,668,221,758,206,878,236
705,251,848,506,630,551,1066,453,668,221,758,206,870,236
705,251,848,506,638,551,1066,453,668,221,758,213,870,236
705,251,848,506,630,551,1066,453,675,221,758,213,863,243
705,251,855,506,638,551,1066,446,668,221,758,206,870,236
713,251,848,506,638,551,1066,446,675,221,758,206,870,236
713,243,848,506,630,551,1066,453,668,221,758,206,870,236
705,251,848,506,630,551,1066,446,675,221,758,206,870,236
705,251,848,506,638,551,1066,453,675,221,758,206,870,243
713,243,848,506,630,558,1066,453,675,221,765,206,870,236
705,251,848,506,630,558,1066,453,675,221,758,206,870,236
713,251,848,506,638,551,1066,453,675,221,758,213,870,243
713,251,848,506,630,551,1066,453,675,221,765,206,870,243
728,236,848,506,630,551,1066,453,683,213,773,206,878,243
735,236,848,506,630,551,1066,453,698,206,788,198,885,243
750,228,855,506,630,543,1073,461,705,198,803,191,668,266,893,243
773,213,863,498,630,543,1088,446,728,183,818,183,668,258,915,236
795,198,870,498,623,536,1111,446,743,161,840,161,675,251,938,236
818,176,870,506,623,536,1126,446,758,138,863,146,683,236,953,228
833,168,878,506,615,543,1141,438,773,123,683,221,968,221
840,138,885,506,1163,446,765,93,900,101,675,198,975,206
840,123,900,506,615,536,1171,438,765,86,893,78,675,198,983,191
840,123,893,506,1186,438,773,71,675,191,998,183
840,123,900,498,608,521,1193,438,773,71,675,191,1005,183
840,131,893,506,608,528,1178,438,773,78,675,191,998,198
840,131,885,521,1171,446,773,86,908,93,668,191,983,198
848,138,863,506,585,536,1148,453,773,93,908,108,660,191,968,206
840,146,848,513,758,101,885,101,638,191
833,146,848,521,750,108,870,101,630,198
833,146,855,506,578,551,758,108,638,198
833,146,593,543,758,108,645,198
833,146,863,506,758,108,645,206
